salesman number,salesman,gender,age,mobile phone,supply center,industry
12110809,Lv Qiufeng,Female,19,15088530748,Eastern China,Internet
11812628,Zheng Runyi,Male,22,15613461351,Eastern China,Internet
11612519,Dou Youqing,Female,24,18695976535,Eastern China,Internet
12111414,Jiang Qizhen,Female,19,15648228450,Eastern China,Internet
12011919,Alistair Smith,Male,20,18957760110,Europe,Foodstuff
11311100,Jode Evans,Female,27,15015836603,Europe,Foodstuff
11610329,Ross Edwards,Male,24,15082403377,Europe,Foodstuff
11112326,Steven Taylor,Male,29,13838231084,Europe,Foodstuff
11610803,Andrew Johnson,Male,24,13909231636,Europe,Foodstuff
11110725,Juliana Harris,Female,29,18980805234,Europe,Foodstuff
12012220,Fidelia Hall,Female,20,15028279376,Europe,Foodstuff
11112911,Ted White,Male,29,13872798954,Europe,Foodstuff
12112727,Polly Walker,Female,19,15662365107,Europe,Foodstuff
11710106,Emlyn Clarke,Male,23,15608040152,Europe,Foodstuff
11211510,Nicole Taylor,Female,28,15605395407,Europe,Foodstuff
11910621,Mimi Jackson,Female,21,13938227972,Europe,Foodstuff
12212123,Basil White,Male,18,18908173824,Europe,Foodstuff
12111625,Cynthia Patel,Female,19,18678419999,Europe,Foodstuff
12111906,Irwin Green,Male,19,13848256680,Europe,Foodstuff
11711710,Priscilla Thompson,Female,23,15659160287,Europe,Foodstuff
11711701,Carrie Clarke,Female,23,15656026139,Europe,Bank
11510201,Dulcie Patel,Female,25,18983135639,Europe,Bank
11810914,Debby Williams,Female,22,18643905431,Europe,Bank
11612521,Ralph Thompson,Male,24,18998586749,America,Retail
12110421,Lou Green,Male,19,13891114271,America,Retail
11212200,Nicholas Hughes,Male,28,18675499803,America,Retail
11411929,Gracie Thomas,Female,26,15616426004,America,Retail
11611508,Martina Patel,Female,24,15636960302,America,Retail
11911204,Malcolm Brown,Male,21,13929836941,America,Retail
12012309,Colin Jones,Male,20,15041003332,America,Retail
11210120,Vivian Brown,Male,28,13987264599,America,Retail
12211614,Wayne Taylor,Male,18,15070303753,America,Retail
11811426,Theobald Robinson,Male,22,13830333964,Europe,Bank
11810625,Katharine Thompson,Female,22,18622890184,Europe,Bank
11312521,Alistair Lewis,Male,27,13891971811,Europe,Bank
11212008,Rosalind Harris,Female,28,13821309686,Europe,Bank
11210622,Samuel Johnson,Male,28,15636249914,Europe,Bank
11311906,Tessa White,Female,27,13963976928,Europe,Retail
11211002,Lisa Smith,Female,28,18924197525,Europe,Retail
11612024,Bernie Smith,Male,24,13970817292,Europe,Retail
11910916,Joseph Taylor,Male,21,13982600859,Europe,Retail
11611210,Camilla Thompson,Female,24,13933012299,Europe,Retail
11510416,Joseph Davies,Male,25,13853290517,Europe,Retail
11611627,Christine Evans,Female,24,18690580198,Europe,Retail
11910210,Sophia Davies,Female,21,13951024215,Europe,Retail
12111307,Lee Lewis,Male,19,18931182645,Europe,Retail
11411314,Theodore Jones,Male,26,15637550207,Europe,Retail
11611227,Hector White,Male,24,13932852743,America,Retail
11911804,Mabel Smith,Female,21,13860891882,America,Retail
12111613,Muriel White,Female,19,13856749672,America,Retail
11511523,Feng Zhenming,Male,25,18910019042,Southern China,Internet
11510013,Yu Xuelu,Female,25,13930284659,Southern China,Internet
12211518,Gracie Williams,Female,18,15654771734,Asia,Car
11210008,Archibald Thompson,Male,28,15003945587,Asia,Car
11612609,Jeanie Wilson,Female,24,13849533904,Asia,Car
11510326,Theo White,Male,25,13986643179,Asia,Car
11710803,Pius Hughes,Male,23,15040270297,Asia,Car
11612301,Charlene Wright,Female,24,15097750967,Asia,Car
11611811,Millie Robinson,Female,24,13976277480,Asia,Car
11510305,Agnes Roberts,Female,25,18601984515,Asia,Car
11810112,Murray Edwards,Male,22,18991801109,Asia,Car
11511922,Enos White,Male,25,18638799648,Asia,Car
11710512,Matt Thompson,Male,23,13932324056,Asia,Car
11712202,Adelina Hughes,Female,23,13925252488,Europe,Bank
11512408,Sonia Wright,Female,25,18639197649,Europe,Bank
11812006,Sebastian Roberts,Male,22,13902204580,Europe,Bank
11611101,Christian White,Male,24,13957306066,Europe,Bank
11112918,Marilyn Harris,Female,29,15648043188,Europe,Bank
11710029,Dottie Walker,Female,23,18957621651,Europe,Bank
12011319,Bernie Wilson,Male,20,18641154719,Europe,Bank
11112316,Milton Hall,Male,29,15090666285,Europe,Bank
12212006,Karl Hughes,Male,18,13894495130,Europe,Bank
11512118,Elroy Edwards,Male,25,13943330557,America,Auto parts
11411901,Avis Roberts,Female,26,15005657290,America,Auto parts
12212215,Sally Thomas,Female,18,13896412880,America,Auto parts
12112001,Benjamin Green,Male,19,15691335568,America,Auto parts
11412713,Bobby Roberts,Male,26,18699239326,America,Auto parts
11510427,Sean Jackson,Male,25,18902436646,America,Auto parts
12110203,Andrew Davies,Male,19,18668717910,America,Auto parts
11610318,Mabel Patel,Female,24,13832293707,America,Auto parts
12211226,Hedwig Williams,Female,18,15695281764,America,Auto parts
11211217,Deirdre Evans,Female,28,15033852161,America,Auto parts
11611819,Tracy Johnson,Female,24,18930364600,America,Auto parts
11412900,Faustina Hall,Female,26,15660705495,America,Auto parts
12112122,Marcia Hall,Female,19,15069566546,America,Auto parts
11710914,Liz Jones,Female,23,18952324673,America,Auto parts
11212711,Jeffrey Robinson,Male,28,18658605272,America,Auto parts
11211610,Kirk Roberts,Male,28,18666463748,Europe,Insurance
11412106,Feng Yixian,Male,26,13883896077,Southwestern China,Military
11712016,He Yunshuo,Male,23,15676339540,Southwestern China,Military
11811304,Zhang Wenke,Male,22,15085745621,Southwestern China,Military
11710012,Jiang Zibin,Male,23,15612372969,Southwestern China,Military
12010008,Wu Yuanchun,Female,20,13826019898,Southwestern China,Military
11810206,Shen Yuanchun,Female,22,15051980900,Southwestern China,Military
11310620,Lv Wanzhi,Female,27,18940947434,Southwestern China,Military
11512413,Chen Chunfu,Female,25,13822330958,Southwestern China,Military
11812826,Wang Jiaxuan,Male,22,13951342870,Southwestern China,Military
11912215,Qian Jingxiang,Male,21,18906077064,Southwestern China,Military
11910723,Hua Wenjing,Male,21,13841249541,Southwestern China,Military
11610317,Zhou Manrui,Male,24,13934970262,Southwestern China,Military
12211326,Yan Jiaye,Male,18,13857113998,Southwestern China,Military
11610101,He Benqing,Male,24,18699338307,Southwestern China,Military
11412820,Shi Shaohu,Male,26,18665305291,Southwestern China,Military
11712019,Shi Yuzhou,Male,23,15659504876,Southwestern China,Military
11211219,Chen Yuanxiang,Male,28,15639968841,Southwestern China,Military
12012820,Chen Dongyan,Female,20,13805440014,Southwestern China,Military
11111510,Julian Wilson,Male,29,15071361392,America,Retail
12011723,Poll Robinson,Female,20,15684292691,America,Retail
12010225,Frankie Wright,Male,20,13944468545,America,Retail
11212524,Joe Jackson,Male,28,13981892390,America,Retail
11412311,Mandy Smith,Female,26,15021347865,America,Retail
11911112,Fran Thompson,Female,21,15600681584,America,Retail
11711514,Sadie Hughes,Female,23,13997748487,America,Retail
11410502,Victor Lewis,Male,26,18937004621,America,Retail
11412623,Timothy Wright,Male,26,18913709126,America,Retail
11810104,Ed Davies,Male,22,13924863552,America,Retail
11710008,Nan Brown,Female,23,13908490013,America,Retail
11210425,Sara Patel,Female,28,15029521800,America,Retail
12011708,Micky Patel,Male,20,18936331523,America,Retail
12011424,Pam Wright,Female,20,15681418158,America,Retail
12210529,Moira Hughes,Female,18,15034261239,America,Retail
11511312,Leila Roberts,Female,25,15086821816,America,Retail
11111605,Lenny Jackson,Male,29,13941316848,America,Retail
11310829,Bob Lewis,Male,27,13947319351,America,Retail
11411019,Flora Thomas,Female,26,13802785616,America,Retail
11812007,Louisa Roberts,Female,22,18966855678,America,Retail
11510816,Persis Wright,Female,25,15626473469,America,Retail
11812407,Richie Roberts,Male,22,13913280853,America,Retail
11812728,Dudley White,Male,22,15014782427,America,Retail
12010120,Georgie Taylor,Female,20,15617066125,America,Retail
11712325,Benjamin Wilson,Male,23,15067783063,America,Retail
11710818,Ted Taylor,Male,23,15622407318,America,Retail
11311712,Roger White,Male,27,15657072117,America,Retail
12010313,Juliet Smith,Female,20,15098059461,America,Retail
11310324,Audrey Evans,Female,27,13867209171,Europe,Electrical and electronic
11211017,Mildred Wright,Female,28,13933700776,Europe,Electrical and electronic
11712200,Victor Lewis,Male,23,13918098997,Europe,Electrical and electronic
11311901,Alistair Walker,Male,27,15066175538,Europe,Electrical and electronic
11412011,Pat Wilson,Male,26,15624601488,Europe,Electrical and electronic
11610326,Leslie Brown,Female,24,18649276288,Europe,Electrical and electronic
11211429,Bonny Robinson,Female,28,13888867967,Europe,Electrical and electronic
11310313,Octavius Davies,Male,27,15037128173,Europe,Electrical and electronic
11411425,Fidelia Brown,Female,26,13968050454,Europe,Electrical and electronic
12110429,Ray Wilson,Male,19,18904726351,Europe,Electrical and electronic
12110020,Carrie Hughes,Female,19,13962102137,Europe,Electrical and electronic
11510209,Dave Jones,Male,25,18684691080,Europe,Bank
12011702,Darrell Johnson,Male,20,13913298284,America,Pharmaceutical
12012922,Patience Hughes,Female,20,15094646510,America,Pharmaceutical
11211210,Winifred Roberts,Female,28,13950258526,America,Pharmaceutical
11912320,Marcia Wright,Female,21,15019139646,America,Pharmaceutical
11110405,Ollie Patel,Male,29,18943805369,America,Pharmaceutical
11211620,Jackie Thomas,Female,28,15039530124,America,Pharmaceutical
11511403,Florence Johnson,Female,25,13953574065,America,Pharmaceutical
11911604,Diana Thompson,Female,21,13834712519,America,Pharmaceutical
11910015,Crystal Walker,Female,21,13975605074,America,Pharmaceutical
11710304,Jennifer Walker,Female,23,13947733265,America,Pharmaceutical
11210026,Caesar Roberts,Male,28,15051773106,America,Pharmaceutical
11210906,Salome Patel,Female,28,13969020238,America,Pharmaceutical
11211721,Auberon Robinson,Male,28,15051381078,Europe,Chemistry
11812209,Florence Lewis,Female,22,18638300869,Europe,Chemistry
11810021,Julian Clarke,Male,22,13974711615,Europe,Chemistry
11610022,Rupert Walker,Male,24,13837332637,Europe,Chemistry
11710522,Jock Walker,Male,23,13847306454,Europe,Chemistry
12110704,Milton Smith,Male,19,15044189671,Europe,Chemistry
11612502,Ollie Smith,Male,24,15077767818,Europe,Chemistry
11612410,He Hanwu,Male,24,15601927407,Northern China,Internet
11611500,Jing Kaiyu,Male,24,18649382405,Northern China,Internet
11112520,Catherine Clarke,Female,29,13884191170,America,Retail
12112312,Wang Linglian,Female,19,18969987402,Northern China,Bank
11910106,Zou Jingye,Male,21,18631626712,Northern China,Bank
11410421,Zhou Hanling,Female,26,13994010802,Northern China,Bank
11112116,Li Linglian,Female,29,13834907428,Northern China,Bank
11912713,Wei Ruize,Male,21,18942952860,Northern China,Bank
11210708,Yan Xiangheng,Male,28,13927999733,Northern China,Bank
12212407,Hannah Jackson,Female,18,15686777514,Europe,Insurance
11112504,Dermot Lewis,Male,29,15602715703,Europe,Insurance
12010902,Burt Robinson,Male,20,15607919844,Europe,Insurance
11811307,Robin Green,Female,22,15058014776,Europe,Insurance
11911627,Olympia Thomas,Female,21,13912901670,Europe,Retail
12211913,Adolf Davies,Male,18,15075997121,Europe,Retail
12112006,Frieda Johnson,Female,19,18936329960,Europe,Retail
11710828,Jeff Lewis,Male,23,13897824252,Europe,Retail
11610900,Charlene Edwards,Female,24,15667741606,Europe,Retail
11610600,Lenny Harris,Male,24,18923081948,America,Energy
12110325,Ivan Harris,Male,19,13991194384,America,Energy
12111219,Danny Smith,Male,19,15656054124,America,Energy
11112822,Aggie Smith,Female,29,13890821768,America,Energy
11910717,Vivian Johnson,Male,21,15083663048,Europe,Bank
12212108,Ozzie Smith,Male,18,13900350627,Europe,Bank
11711609,Jim Johnson,Male,23,18908203198,Europe,Bank
12112210,Lucy Hall,Female,19,13884091597,Europe,Retail
12110225,Eleanor Patel,Female,19,15058335384,Europe,Retail
11410826,Rebecca Davies,Female,26,18695296614,Europe,Retail
11312828,Camilla Smith,Female,27,13966547841,Europe,Retail
12111112,Stan Thompson,Male,19,18987756675,Europe,Retail
11410100,Gavin Thomas,Male,26,13945479844,Europe,Retail
11911729,Bernadette Wilson,Female,21,18961189437,Europe,Retail
12011219,Nora Green,Female,20,13832927004,Europe,Retail
11911702,Frieda Thompson,Female,21,18992126544,Europe,Retail
11611106,Susan Johnson,Female,24,13861191981,Europe,Retail
11211305,Gillian Jones,Female,28,18651860969,Europe,Retail
11112919,Qi Yousong,Female,29,13983180228,Northern China,Bank
11211517,Jiang Wenyin,Male,28,18670171493,Northern China,Bank
11712500,Tao Erqing,Female,23,15651177344,Northern China,Bank
12011818,Wang Yuyang,Female,20,18685658883,Northern China,Bank
11811514,Chu Fangqin,Female,22,15053796611,Northern China,Bank
11211708,Qi Erqing,Female,28,18957695206,Northern China,Bank
11710825,Li Cailing,Female,23,13842545267,Northern China,Bank
12111601,Zhao Jiayu,Male,19,18681271060,Northern China,Bank
11412313,Zhu Zicheng,Male,26,13832687921,Northern China,Bank
11511720,Hua Yuwen,Female,25,18909695537,Northern China,Bank
11812127,He Wenming,Male,22,13869683917,Northern China,Bank
11411616,Qi Rufeng,Female,26,18619187298,Northern China,Bank
11310409,Xie Jiashuai,Male,27,13831725621,Northern China,Bank
11112523,Qi Zhuyu,Male,29,13994163061,Northern China,Bank
12111627,Zheng Hanxiang,Female,19,18670303787,Northern China,Bank
12011416,Chen Ruoke,Male,20,15647985130,Northern China,Bank
12211711,Zhou Leqiao,Female,18,18664254367,Northern China,Bank
11412317,Xie Zicheng,Male,26,18926328538,Northern China,Bank
11810208,Li Ningzhen,Female,22,15653467851,Northern China,Bank
12211105,Zheng Bochang,Male,18,13972571291,Northern China,Bank
11410101,Wu Yuyang,Female,26,15635108537,Northern China,Bank
11510105,Wei Mufeng,Male,25,18698244030,Northern China,Bank
11410318,Qi Ruize,Male,26,18669476121,Northern China,Bank
11212815,Tao Jiaji,Male,28,15691425098,Northern China,Bank
11612514,Yu Shanwei,Female,24,13909788477,Northern China,Bank
12111825,Qing Zhuyu,Male,19,18682004975,Northern China,Bank
11510023,Qing Maoan,Male,25,13850673191,Northern China,Bank
11510426,Zhang Peiling,Female,25,13851979198,Northern China,Bank
12211718,Xie Zhenming,Male,18,15691537032,Northern China,Bank
11411917,Jiang Yuqiao,Female,26,15045639100,Northern China,Bank
11611606,Cao Chuling,Female,24,13910040719,Northern China,Bank
12112609,Wang Fanzhen,Female,19,15057996011,Northern China,Bank
11212119,Zhou Zhongxiao,Male,28,18640776921,Northern China,Bank
11312106,Tao Yixuan,Male,27,15668442761,Northern China,Bank
11812018,Xu Ziyan,Male,22,18925403340,Northern China,Bank
11111311,Zhang Zhaoyu,Male,29,13998207774,Northern China,Bank
11110802,Feng Jingping,Female,29,13892932966,Northern China,Bank
11512016,Fran Smith,Female,25,13982065462,Europe,Car
11810126,Anne Jones,Female,22,15665588648,Europe,Car
11410311,Martha Clarke,Female,26,18616903538,Europe,Electrical and electronic
11512115,Undine Taylor,Female,25,18959715598,Europe,Electrical and electronic
11710327,Dominic Green,Male,23,18621769806,Europe,Electrical and electronic
11610016,Eric Lewis,Male,24,15013323584,Europe,Electrical and electronic
11311902,Christian Wright,Male,27,13840211082,Europe,Electrical and electronic
11910811,Glenda Taylor,Female,21,15090285509,America,Computer
11511317,Otto Clarke,Male,25,13812729202,America,Retail
11410014,Jeanie Evans,Female,26,15698201024,Asia,Diversify
11912925,Edward Thompson,Male,21,13910781606,Asia,Diversify
11612508,Tel Hughes,Male,24,15637211321,Asia,Diversify
11612426,Joan Johnson,Female,24,13908204055,Asia,Diversify
11911223,Dennis Patel,Male,21,15077553455,Asia,Diversify
11210506,Adelina Taylor,Female,28,18698722990,Asia,Diversify
12112604,Marilyn Hall,Female,19,15662126431,Asia,Diversify
12011701,Uerica Hall,Female,20,15606761479,Asia,Diversify
11811911,Bernadette Wright,Female,22,13829691837,Europe,Electrical and electronic
11210413,Murray Davies,Male,28,15065481837,Europe,Electrical and electronic
11712312,Anthea Smith,Female,23,13822403967,Europe,Electrical and electronic
12011728,Xie Yishuang,Female,20,15681759413,Northern China,Military
11311024,Kong Yibo,Female,27,15038403217,Northern China,Military
11911115,Xu Yingzhi,Female,21,18664619638,Northern China,Military
11312922,Florence Walker,Female,27,18654131115,America,Pharmaceutical
12210428,Auberon Smith,Male,18,18653845605,America,Pharmaceutical
11310009,Felicity Roberts,Female,27,18622474204,America,Pharmaceutical
11510409,Patience Robinson,Female,25,18693605151,Asia,Electrical and electronic
11912303,Cherry Lewis,Female,21,13988771717,Asia,Electrical and electronic
11410213,Janey Jackson,Female,26,13985048926,Asia,Electrical and electronic
11112514,Martina Clarke,Female,29,15049305906,Asia,Electrical and electronic
11511825,Marshall Roberts,Male,25,15078634397,Asia,Electrical and electronic
12210524,Robby Jackson,Male,18,15606709103,Europe,Foodstuff
11212823,Judy Wilson,Female,28,15089757539,Europe,Foodstuff
11110916,Reg Johnson,Male,29,18685857534,Europe,Bank
11611019,Eli White,Male,24,18657056752,America,Computer
11812521,Errol White,Male,22,15632395694,America,Retail
11212510,Mary Wilson,Female,28,18626102534,America,Retail
11311817,Miriam Evans,Female,27,15609201594,America,Retail
11910706,Poll Jackson,Female,21,13805244864,Europe,Bank
12212027,Henry Lewis,Male,18,15672327497,Asia,Car
11411612,Urania Walker,Female,26,15068229490,Asia,Car
11612315,Amos Walker,Male,24,13863852369,Asia,Car
12210020,Joseph Davies,Male,18,13855475664,Europe,Bank
11512902,Clarence Green,Male,25,15694718398,Asia,Electrical and electronic
11310224,Geraint Walker,Male,27,15011638613,Asia,Electrical and electronic
12212801,Jode Brown,Female,18,13911518558,Asia,Electrical and electronic
11510006,Fiona Wilson,Female,25,18980108445,Asia,Electrical and electronic
11611721,Sophronia Harris,Female,24,18672443902,Asia,Electrical and electronic
12210929,Trevor Evans,Male,18,18622164699,Asia,Electrical and electronic
12011018,Jessica Jones,Female,20,15625169397,Asia,Electrical and electronic
11710004,Wilfred Smith,Male,23,18614883720,Asia,Electrical and electronic
12211522,Steven Edwards,Male,18,15673757797,Asia,Electrical and electronic
12211014,Edmund Clarke,Male,18,15683948868,Asia,Electrical and electronic
12112211,Oliver Green,Male,19,15687147370,Asia,Electrical and electronic
12110722,Ron Hall,Male,19,18659430348,Asia,Electrical and electronic
12111323,Leslie Evans,Male,19,15086706736,Asia,Electrical and electronic
11712222,Eulalia Brown,Female,23,15611521923,Asia,Electrical and electronic
12211508,Leonard Clarke,Male,18,18904797951,Asia,Electrical and electronic
11512202,Patti Jones,Female,25,13929714055,Asia,Electrical and electronic
11812708,Graham Hughes,Male,22,15013857255,Asia,Electrical and electronic
12211220,Patrick Johnson,Male,18,15059073373,Asia,Electrical and electronic
11910129,Barbara Hall,Female,21,15001561594,Asia,Electrical and electronic
11911120,Phoebe Smith,Female,21,18912328850,Asia,Electrical and electronic
11710110,Hilda Harris,Female,23,13863391481,Asia,Electrical and electronic
11211323,Anne Davies,Female,28,18946670873,Asia,Electrical and electronic
12211603,Tommy Harris,Male,18,18981774268,Asia,Electrical and electronic
11212724,Naomi Lewis,Female,28,15632679243,America,Retail
11211501,Ivy Walker,Female,28,13833189147,America,Retail
11511213,Joanne Jones,Female,25,18658136807,America,Retail
11612800,Lindsay Davies,Female,24,18943286924,America,Insurance
12110614,Angelica Harris,Female,19,13801466057,America,Insurance
12112505,Maureen Williams,Female,19,15075333888,America,Insurance
12212915,Miranda Roberts,Female,18,18939713565,America,Insurance
11311405,Alden Williams,Male,27,15624803627,America,Insurance
11710128,Candida Jackson,Female,23,15620472095,America,Insurance
11210204,Zou Haozhen,Male,28,18613342990,Northern China,Internet
11911323,Jasper Wright,Male,21,15025038804,America,Insurance
11110319,Clare Harris,Male,29,15022058632,America,Insurance
11311921,Mary Clarke,Female,27,15017977858,America,Insurance
11811417,Sandra Brown,Female,22,18929417326,America,Securities brokerage
11310305,Floyd Green,Male,27,13931236054,America,Securities brokerage
11312003,Malcolm Edwards,Male,27,13915906463,America,Securities brokerage
11412715,Crystal Brown,Female,26,15084309768,America,Securities brokerage
11512928,Lynn Brown,Female,25,13881429811,America,Securities brokerage
12011920,Luke Brown,Male,20,15653796360,America,Pharmaceutical
11111217,Pete Evans,Male,29,15011038308,Asia,Electrical and electronic
11611702,Sid Williams,Male,24,18621832099,Asia,Electrical and electronic
11310703,Susanna Taylor,Female,27,15669197323,Asia,Electrical and electronic
12212618,Jessy Clarke,Male,18,15622821239,Europe,Bank
11112206,Sal Edwards,Female,29,18983513679,Europe,Bank
12112300,Elsa Jones,Female,19,13877433063,Europe,Bank
11810722,Alma Williams,Female,22,15615781133,America,Energy
12111926,Aggie Smith,Female,19,15673271314,America,Energy
12110515,Cheryl White,Female,19,13848911709,America,Energy
11112416,Jesse Johnson,Male,29,15031069354,America,Energy
11110321,Olive Taylor,Female,29,18904349852,America,Oil refining
12112400,Felix Thomas,Male,19,18928363418,America,Oil refining
11712125,Lester Thompson,Male,23,13960497825,America,Oil refining
11411820,Charlene Hall,Female,26,15059383162,Europe,Electricity gas
11611103,Amy Thompson,Female,24,15080247527,Europe,Electricity gas
11410203,Theobald Thompson,Male,26,18628061981,Europe,Electricity gas
12010421,Trudie Lewis,Female,20,18962375539,Europe,Bank
11611511,Clare Green,Female,24,15623523765,Europe,Oil refining
12011019,Ray Green,Male,20,18952408498,Europe,Oil refining
11311700,Brian Brown,Male,27,15009690461,Europe,Oil refining
11311229,Charlotte Davies,Female,27,13949976177,Europe,Oil refining
12111828,Betty Davies,Female,19,13950195338,Europe,Oil refining
12010703,Archibald Lewis,Male,20,18960333107,Europe,Oil refining
11112015,Sandra Williams,Female,29,18603309373,America,Household chemicals
11310914,Noah Harris,Male,27,13935818451,America,Electricity and gas utilities
11410820,Malachi Lewis,Male,26,13937820660,America,Electricity and gas utilities
12210703,Karen Taylor,Female,18,13876720290,America,Electricity and gas utilities
11312426,Gareth Thomas,Male,27,15064627892,America,Electricity and gas utilities
11112908,Vivian Clarke,Male,29,18974833067,America,Electricity and gas utilities
11112003,Jill Thomas,Female,29,13821451983,America,Electricity and gas utilities
11111115,Evelyn Edwards,Female,29,15698087021,America,Pharmaceutical
11410703,Melissa Evans,Female,26,15082681966,America,Pharmaceutical
11211414,Tel Hughes,Male,28,15671223228,America,Pharmaceutical
11710200,Paul Edwards,Male,23,13880541935,America,Pharmaceutical
11711603,Isabel Clarke,Female,23,18907350082,Europe,Car
11812801,Mitchell Hughes,Male,22,18978658432,Europe,Car
11810706,Oz Smith,Male,22,15087063733,Europe,Car
11812802,Hamilton Thomas,Male,22,15023535195,Europe,Car
12111324,Allson Evans,Female,19,18668152894,Europe,Car
12010605,Gracie Davies,Female,20,13890402716,Europe,Bank
11312304,Willy Patel,Male,27,15622520990,Europe,Bank
11210010,Vicky Hall,Female,28,13957748858,Europe,Electrical and electronic
11812821,Teresa Davies,Female,22,13891982464,Europe,Electrical and electronic
11712215,Moira Roberts,Female,23,15641994775,America,Securities brokerage
12110129,Dottie Thomas,Female,19,15085452010,Europe,Electricity gas
11312409,Salome Robinson,Female,27,13866772753,Asia,Telecommunications
11610927,Dustin Clarke,Male,24,13833246195,Asia,Telecommunications
11512308,Jo Roberts,Female,25,13974570937,Asia,Telecommunications
12211106,Benjamin Davies,Male,18,13866484683,Asia,Telecommunications
11611112,Daniel Green,Male,24,18604930949,Asia,Telecommunications
11810107,Anita Hall,Female,22,15682226940,Asia,Electricity gas
11112709,Tina Hall,Female,29,15051134968,Asia,Electricity gas
11411005,Scott Hall,Male,26,13902218906,Asia,Electricity gas
11211116,Oliver Wilson,Male,28,15014605907,Asia,Electricity gas
11312022,Lindsay Taylor,Female,27,13885244346,Asia,Electricity gas
12210508,Allson Edwards,Female,18,15680720535,Asia,Electricity gas
12010806,Arnold Wright,Male,20,13813278638,Asia,Electricity gas
11911015,Lester Lewis,Male,21,18991507271,Asia,Electricity gas
11810305,Ned Walker,Male,22,18920058215,Asia,Electricity gas
11912417,Van Hughes,Male,21,15630507980,Asia,Electricity gas
12212007,Florrie Williams,Female,18,15091345681,Asia,Electricity gas
11112809,Brian Patel,Male,29,13991503837,Asia,Electricity gas
12210427,Miranda Williams,Female,18,18614818998,America,Pharmaceutical
11112415,Eva Harris,Female,29,18964807274,Asia,Diversify
12010521,Theo Edwards,Male,20,18942438052,Asia,Electrical and electronic
11212212,Yang Bisong,Female,28,15660871829,Northern China,Internet
11711721,Zou Lengrou,Female,23,13825496694,Northern China,Internet
12210516,Bai Xuelu,Female,18,13816578955,Northern China,Internet
12011802,Qing Mining,Female,20,18987291370,Northern China,Internet
12211417,Zhu Wenlu,Male,18,18687277158,Northern China,Internet
11212621,Rosalie Evans,Female,28,13889409221,Asia,Oil refining
11611617,Bud Edwards,Male,24,18667249231,Asia,Oil refining
11610902,Mary Edwards,Female,24,18654024091,Asia,Oil refining
11512522,Richard Roberts,Male,25,13950813597,Asia,Oil refining
11310020,Lucinda Harris,Female,27,13834613733,Asia,Oil refining
11111304,Sean Jones,Male,29,15079603202,Asia,Oil refining
11410503,Norm Clarke,Male,26,15687418212,Asia,Oil refining
11212012,Maureen Davies,Female,28,18621719561,Asia,Oil refining
11711310,Rick Walker,Male,23,13845732810,Asia,Oil refining
11110711,Phoebe White,Female,29,13867433379,Asia,Oil refining
11912610,Elsa Lewis,Female,21,13963582437,Asia,Oil refining
11610606,Libby Patel,Female,24,18921558921,Asia,Oil refining
12112511,Bertran Hughes,Male,19,15686864496,America,Finance
11910806,Tricia Taylor,Female,21,18977282386,Asia,Electrical and electronic
11611816,Lv Yinghui,Female,24,15671567687,Northern China,Military
12110806,Jing Zhidie,Female,19,18928273520,Northern China,Military
11211015,Feng Yishan,Female,28,15050103259,Northern China,Military
11111618,Jiang Qicheng,Male,29,18613460353,Northern China,Military
11810114,Chu Pingning,Female,22,13949837180,Northern China,Military
11211813,Yan Chunan,Male,28,18603989796,Northern China,Military
12211817,Han Siyu,Male,18,15697295343,Northern China,Military
11912728,Chu Youqing,Female,21,15660300594,Northern China,Military
11110111,Qi Haizhen,Female,29,18903816077,Northern China,Military
11112200,Qi Hanxiang,Male,29,18911319405,Northern China,Military
12211025,Hamilton Edwards,Male,18,18676194473,Asia,Car
11911807,Dan Wright,Male,21,13988508833,America,Auto parts
11411910,Michael Harris,Male,26,13846486784,America,Auto parts
12212523,Mignon Walker,Female,18,18924870480,Europe,Retail
11112106,Gene Wright,Male,29,15610458103,Europe,Retail
11911424,Rosalind Roberts,Female,21,15066206015,Europe,Retail
11511423,Vincent Roberts,Male,25,18656005147,Europe,Retail
12111702,Greg Wright,Male,19,18980924072,Asia,Electrical and electronic
11712313,Stanley Thomas,Male,23,18614288867,Asia,Electrical and electronic
11711521,Olive Wright,Female,23,13844156177,Asia,Electrical and electronic
11612205,Felix Walker,Male,24,15097426676,Asia,Electrical and electronic
11510115,Susan Hall,Female,25,18972414010,America,Oil refining
11411720,Ed Harris,Male,26,13824150273,Europe,Car
11410910,Nancy Wright,Female,26,13809059908,Europe,Car
12210311,Sylvia Smith,Female,18,13808932915,Asia,Diversify
12111907,Zhang Yilv,Female,19,18631655364,Northern China,Bank
12010201,Zheng Jiaxuan,Male,20,15045496448,Northern China,Bank
12011508,Yang Xiangheng,Male,20,13971686381,Northern China,Bank
11111028,Jing Ziyu,Male,29,15695243997,Northern China,Bank
11612421,Yang Nuobo,Male,24,15087215484,Eastern China,Game
11611317,Qi Fanrui,Male,24,15041528785,Eastern China,Game
11610700,You Yunzhi,Male,24,15684045816,Eastern China,Game
11212217,Lv Shunhang,Male,28,18986869520,Eastern China,Game
11511906,Shen Zhiteng,Male,25,13941916164,Eastern China,Game
11312809,Zou Panlei,Female,27,15097673852,Eastern China,Game
11712216,Zhu Fanyan,Female,23,18943927144,Eastern China,Game
11510024,David Robinson,Male,25,13976135052,Europe,Foodstuff
11310927,Toni Clarke,Female,27,15073675791,America,Electricity gas
11310127,Cathy Edwards,Female,27,13965664105,Europe,Bank
12212700,Phil Robinson,Male,18,15630709639,Europe,Bank
12210120,Corinna Smith,Female,18,18958346054,Asia,Insurance
11311615,Marshall Hall,Male,27,15004010251,Asia,Insurance
11511524,Judy Wright,Female,25,13872056675,Asia,Insurance
11911012,Georgina Smith,Female,21,15691496587,Asia,Insurance
11610717,Jason Evans,Male,24,13995118915,Asia,Insurance
11911402,Rosie Wilson,Female,21,15006191648,Asia,Insurance
12011418,Gwendoline Thompson,Female,20,13979659683,Asia,Insurance
11911118,Gene Jackson,Male,21,18658431890,Asia,Insurance
11812701,Audrey Wright,Female,22,18949082118,Asia,Insurance
11311619,Allen Walker,Male,27,13971923563,Europe,Insurance
11510803,Vanessa Taylor,Female,25,15673419018,Europe,Insurance
12010417,Basil White,Male,20,13903524310,Europe,Insurance
12111227,Alfred Thomas,Male,19,18985327914,Europe,Bank
11410905,Philemen Brown,Male,26,15042197811,America,Telecommunications
12211623,Abe Harris,Male,18,18976184464,Asia,Electrical and electronic
11812423,Jane Robinson,Female,22,15070332166,Asia,Electrical and electronic
11310103,Frank Jackson,Male,27,13816321884,Asia,Electrical and electronic
11910017,Al Evans,Male,21,15639548357,Asia,Electrical and electronic
12111028,Mike Evans,Male,19,15036042990,Asia,Electrical and electronic
12111107,Maria Harris,Female,19,18671435981,Asia,Electrical and electronic
11211527,Judith Edwards,Female,28,15025870700,Asia,Electrical and electronic
11411312,Christopher Walker,Male,26,15016604133,Asia,Electrical and electronic
11811615,Padraic Davies,Male,22,18610106228,Asia,Electrical and electronic
11310110,Bridget Patel,Female,27,18943199652,Asia,Electrical and electronic
11210712,Daisy Edwards,Female,28,15011121420,Asia,Electrical and electronic
11410214,Saul Thompson,Male,26,13815670484,Asia,Electrical and electronic
11511513,Gerald Thompson,Male,25,15091767921,Asia,Electrical and electronic
11710218,Allson White,Female,23,15623346768,Asia,Electrical and electronic
11612913,Sal Walker,Female,24,15066448396,Asia,Electrical and electronic
11310212,Molly Wilson,Female,27,13867191407,Asia,Electrical and electronic
11210713,Brittany White,Female,28,13899633547,Asia,Electrical and electronic
11210514,Dermot Robinson,Male,28,18650644724,Asia,Electrical and electronic
11911227,David Jackson,Male,21,15663811232,Asia,Electrical and electronic
11512503,Zhou Yuyang,Female,25,13819826633,Northern China,Military
11512212,Qian Xiaodie,Female,25,13857683633,Northern China,Military
11412917,Qing Muxue,Female,26,18636223046,Northern China,Military
11511608,Kong Yuqiao,Female,25,15099570975,Northern China,Military
12111803,Dou Ruichen,Male,19,18643572672,Northern China,Military
11311011,Shi Congde,Male,27,18907982518,Northern China,Military
11410003,Wei Shengjian,Male,26,15093350281,Northern China,Military
11212120,Lou White,Male,28,15622710919,Europe,Bank
11512601,Norman Brown,Male,25,13924880879,Europe,Bank
11912318,Hal Taylor,Male,21,18999505149,Asia,Electricity gas
11512713,Allen Williams,Male,25,15078834977,Asia,Electricity gas
11512206,Li Rufeng,Female,25,13916883945,Southwestern China,Military
12112619,He Hanwu,Male,19,13805699635,Southwestern China,Military
11310425,Jiang Hanxuan,Female,27,18629063473,Southwestern China,Military
11812410,Li Danqing,Female,22,18673636686,Southwestern China,Military
11612727,Zhang Chilv,Female,24,13830355133,Southwestern China,Military
11712421,Feng Hendong,Female,23,13993818952,Southwestern China,Military
11412302,Jiang Jingjie,Male,26,15604747830,Southwestern China,Military
12112622,Jiang Zhenming,Male,19,13911532865,Southwestern China,Military
11510400,You Bisong,Female,25,18644459199,Southwestern China,Military
11810525,Liu Hanshuang,Female,22,15653974261,Southwestern China,Military
11910019,Zheng Biyan,Female,21,15031117856,Southwestern China,Military
11211422,Chen Ziyan,Male,28,13985564910,Southwestern China,Military
12212110,Han Leqiao,Female,18,15041556592,Southwestern China,Military
11211202,Tao Yihan,Female,28,13882601885,Southwestern China,Military
11711122,Yu Miaocui,Female,23,15694815599,Southwestern China,Military
11411829,Wu Mimei,Female,26,13942881431,Southwestern China,Military
11211029,Xu Fanrui,Male,28,18676986941,Southwestern China,Military
11411614,Qian  biqin,Female,26,18603986116,Southwestern China,Military
11511318,Zhou Hanan,Female,25,13876958194,Southwestern China,Military
11610109,Zhao Bandan,Female,24,15660112160,Southwestern China,Military
11811919,Kong Xiaohuai,Female,22,18633961030,Southwestern China,Military
12012621,Hua Haonan,Male,20,18682228818,Southwestern China,Military
11811720,Yan Yingwen,Female,22,15011117135,Southwestern China,Military
11511710,You Xiangxing,Male,25,13848331704,Southwestern China,Military
11810528,Wei Ruichen,Male,22,18630660033,Southwestern China,Military
11312100,Shi Tingping,Female,27,18917395106,Southwestern China,Military
11510102,Xu Lvping,Female,25,18999680234,Southwestern China,Military
11612811,Tao Hanfeng,Female,24,15609768742,Southwestern China,Military
11210406,Zou Biyan,Female,28,15066512800,Southwestern China,Military
11811223,Zhao  youhui,Female,22,18687016162,Southwestern China,Military
11712501,Jiang Boran,Male,23,13941181346,Southwestern China,Military
11412001,Wu Xiangxing,Male,26,15069982275,Southwestern China,Military
12210502,Jing Jiaji,Male,18,18971995428,Southwestern China,Military
12011924,Shi Ningtao,Female,20,18962441154,Northern China,Electricity
12210612,Jing Manyun,Female,18,18602368649,Northern China,Electricity
11211016,Theodoric Hughes,Male,28,13863625889,Europe,Telecommunications
11912919,Otto Thomas,Male,21,15074427557,Europe,Telecommunications
11210423,Diana Robinson,Female,28,13995890033,Europe,Telecommunications
11311624,Gaston Harris,Male,27,15638575006,Europe,Telecommunications
12112613,Mimi Green,Female,19,18987624415,Europe,Bank
11710805,Kent Wilson,Male,23,18677968674,America,Insurance
12110528,Ronnie Jackson,Male,19,13870626048,Asia,Bank
11312723,Craig Jackson,Male,27,15643684197,Asia,Electrical and electronic
12012421,Fidelia Wilson,Female,20,13909407406,Europe,Oil refining
11112029,Phyllis Evans,Female,29,18685322740,America,Retail
11410404,Joanne Taylor,Female,26,18929478204,America,Electrical and electronic
11912404,Cecil Walker,Male,21,18908106812,Asia,Telecommunications
12211320,Vivien Johnson,Female,18,15665186413,Europe,Insurance
11711021,Evadne Patel,Female,23,18968189028,Asia,Diversify
11511000,Hortensia Jackson,Female,25,15698891214,Asia,Diversify
11611122,Feng Lewen,Male,24,15001256579,Northern China,Computer
11911700,Lisa Taylor,Female,21,15685475495,America,Finance
11410106,Zhang Rongchun,Male,26,13876049145,Northern China,Bank
12110824,Feng Ziyu,Male,19,18660093847,Northern China,Bank
12012107,Qing Fanyan,Female,20,15068236084,Northern China,Bank
11812422,Wei Leqiao,Female,22,18971543234,Northern China,Bank
11812518,Jing Hanshuang,Female,22,18935024518,Northern China,Bank
11511203,Jiang Feiqing,Female,25,15063346307,Northern China,Bank
12110927,Han Hanwu,Male,19,18637769897,Northern China,Bank
11710319,Qing Shiyun,Female,23,18647249691,Northern China,Bank
12210022,Qi Yilang,Male,18,15042022862,Northern China,Bank
12211003,Qian Nandie,Female,18,13877463593,Northern China,Bank
12011517,Marcie Davies,Female,20,13853910784,America,Oil refining
11910202,Yang Huanwen,Female,21,13956409278,Southern China,Computer
12112203,Zou Jiayu,Male,19,15028866306,Southern China,Computer
11211418,Bai Dongtao,Female,28,13859120738,Southern China,Computer
11112222,Yan Chilv,Female,29,18915653755,Southern China,Computer
12110902,Dou Huaiyu,Male,19,13955823401,Southern China,Computer
11411723,Wu Yunzhi,Male,26,13804242356,Southern China,Computer
11912423,Lv Yinxiang,Male,21,15023405921,Southern China,Computer
11612721,Wang Yingtao,Female,24,15074810279,Southern China,Computer
12212815,Qi Lvwei,Female,18,13983501780,Southern China,Computer
12210911,He Chilv,Female,18,18679946737,Southern China,Computer
11412512,Lv Yuanxiang,Male,26,15044720365,Southern China,Computer
11410529,Cao Yuanhong,Male,26,18679830367,Southern China,Computer
11311524,Feng Erhan,Female,27,15611561542,Southern China,Computer
11411412,Zheng Anran,Male,26,18618045550,Southern China,Computer
12012502,Wei Zibin,Male,20,15066207398,Southern China,Computer
11810002,Wang Wenqiu,Female,22,13863422390,Southern China,Computer
11511814,Sun Chufeng,Female,25,18980635996,Southern China,Computer
11111113,Tricia Lewis,Female,29,15644251290,Asia,Insurance
11211302,Rosalyn Jones,Female,28,13905966109,Asia,Car
11312229,Craig Thompson,Male,27,15002945019,Asia,Car
11211428,Dan Thomas,Male,28,15698372907,Asia,Electrical and electronic
11911902,Chu Yiqing,Female,21,13880989505,Southern China,Internet
11512809,Sun Hanxiang,Female,25,15059741639,Southern China,Internet
11510826,Yu Kaiyu,Male,25,13982873533,Southern China,Internet
11511413,Zhou Shishan,Female,25,13805315084,Southern China,Internet
11411003,Yu Feiqing,Female,26,18922745977,Southern China,Internet
12211415,Shi Tianlan,Female,18,15064950347,Southern China,Internet
11311028,Wei Runbin,Male,27,15633980855,Southern China,Internet
11711728,Qi Jiaye,Male,23,13885966956,Southern China,Internet
12011500,Sun Siyu,Male,20,18941979727,Southern China,Internet
11412326,Yu Ziyun,Female,26,13941972839,Southern China,Internet
12010909,Zhu Yueqi,Male,20,18951255896,Southern China,Internet
11112606,Wei Yanhong,Male,29,13880795819,Southern China,Internet
11210909,Qing Qizheng,Male,28,15052254763,Southern China,Internet
11711714,Cao Yanlei,Female,23,15051467267,Southern China,Internet
11912706,Dou Huanqing,Female,21,13977560856,Southern China,Internet
11911800,Sun  biqin,Female,21,13986404059,Southern China,Internet
11610015,Yan Xiaofeng,Male,24,15690792395,Southern China,Internet
11610925,Shui Xiangchen,Male,24,15083994279,Southern China,Internet
11711209,Zou Xiaorou,Female,23,18627930507,Southern China,Internet
12112900,Wang Zhengsong,Male,19,13921608724,Southern China,Internet
12112902,Qi Binzhu,Male,19,15651555135,Southern China,Internet
11312700,You Shengjian,Male,27,15063264518,Southern China,Internet
11210925,Dou Yansen,Male,28,18909134675,Southern China,Internet
11612909,Xu Yixian,Male,24,13935911937,Southern China,Internet
11611905,Jing Xiaotian,Female,24,18993374707,Southern China,Internet
12112707,Jing Chutai,Male,19,15670838760,Eastern China,Game
11112126,Wang Nuobo,Male,29,18986871484,Eastern China,Game
11712922,He Fangqin,Female,23,13938113424,Eastern China,Game
11511410,Liu Feilei,Female,25,15665437795,Eastern China,Game
11512104,Zhou Lengrou,Female,25,15024361112,Eastern China,Game
11710709,Zhang Jiayu,Male,23,15035685329,Eastern China,Game
11510407,Lv Jingwei,Male,25,18930958702,Eastern China,Game
12010126,Jiang Junzhuo,Male,20,13841436603,Eastern China,Game
11210028,Shen Qizhen,Female,28,18687812134,Eastern China,Game
11210512,Hua Erqiu,Female,28,15628052977,Eastern China,Game
11510902,Chu Yiqing,Female,25,15056215954,Eastern China,Game
11512218,Wang Jinbo,Male,25,15609346411,Eastern China,Game
12011529,Zhang Wanzhi,Female,20,13934753084,Eastern China,Game
12211000,Feng Ermei,Female,18,15086534755,Eastern China,Game
11311108,You Hanfeng,Female,27,13902596073,Eastern China,Game
11712907,Tao Yinghui,Female,23,15020644976,Eastern China,Game
12012613,Xie Tingwei,Female,20,15638248700,Eastern China,Game
11612422,George Smith,Male,24,18694675683,Asia,Diversify
12211502,Camilla Smith,Female,18,13888156877,Asia,Diversify
11110611,Jackie Taylor,Female,29,15037461347,Asia,Diversify
11612910,Dou Youtong,Male,24,13924463586,Eastern China,Game
11912419,Cao Jiashu,Male,21,13982935548,Northern China,Internet
11210011,Feng Chutai,Male,28,13909557872,Northern China,Internet
12211905,Chu Guqiu,Female,18,15629576611,Northern China,Internet
11510010,Xie Linchuan,Male,25,13963778907,Northern China,Internet
11112607,Wu Jianxi,Male,29,18913537836,Northern China,Internet
12212927,Jing Yingtian,Female,18,15669666192,Northern China,Internet
11511127,Kong Youqing,Female,25,15641123045,Northern China,Internet
11912623,Wei Maoan,Male,21,18907614854,Northern China,Internet
12110324,Della Johnson,Female,19,18988585952,Asia,Electrical and electronic
12011917,Feng Shuliu,Female,20,15605980669,Eastern China,Internet
11712520,Shen Mengchao,Male,23,13848720803,Eastern China,Internet
11810916,Zhou Yuandong,Female,22,15024083648,Eastern China,Internet
11412816,Zou Moyu,Male,26,13949270728,Southern China,Internet
12212719,Bai Zibin,Male,18,13978258053,Southern China,Internet
11910524,Wu Fanrui,Male,21,13910481219,Northern China,Bank
11711214,Hilda Clarke,Female,23,15689457853,Europe,Oil refining
11612806,Sun Nianlan,Female,24,15652032545,Northern China,Military
12012116,Jiang Shengxiang,Male,20,15639234045,Northern China,Military
11412101,Qi Xiangling,Female,26,15600505124,Northern China,Military
11612805,Wang Shuliu,Female,24,15067727199,Northern China,Petrochemical
12212008,Zheng Rusi,Female,18,15694603232,Northern China,Petrochemical
11612918,Han Pingtian,Female,24,18683156813,Eastern China,Internet
11812124,Bai Dongshuang,Female,22,13815686144,Eastern China,Internet
11612717,Wei Shiyan,Female,24,15674552802,Eastern China,Internet
11212719,Zhou Yishuang,Female,28,15061565341,Eastern China,Internet
11511625,Chen Dongyan,Female,25,15099875207,Northern China,Internet
12111718,Lv Ruoke,Male,19,13949123975,Northern China,Internet
12211403,Chu Yingzhi,Female,18,13892297977,Northern China,Bank
11111429,Yang Youling,Female,29,18600332576,Northern China,Bank
11710215,Jiang Yahe,Female,23,13945549155,Northern China,Bank
11812022,Natalie Taylor,Female,22,18990290945,Europe,Car
11711922,Kong Huaibai,Female,23,18643797214,Eastern China,Internet
12112329,Sun Hanxuan,Female,19,18644716340,Eastern China,Internet
11611903,Xie Yuyang,Female,24,13944671764,Eastern China,Internet
11911428,Zhang Qintao,Male,21,15098553535,Eastern China,Internet
12211405,Li Jingwen,Male,18,13968175165,Southern China,Computer
11312609,You Dongsi,Female,27,18955639487,Northern China,Bank
11912507,Qian Xiaofeng,Female,21,13854197619,Southwestern China,Military
11710721,Xie Minghan,Male,23,18653864171,Southwestern China,Military
12211001,Zhang Yunzhi,Male,18,18934670692,Southwestern China,Military
11110816,Yang Jingjie,Male,29,18695883703,Southwestern China,Military
11611223,Kong Chengjun,Male,24,13963900648,Southwestern China,Military
11110624,Li Bingzhi,Male,29,18630558721,Southwestern China,Military
11512325,Dou Youyi,Female,25,18697159896,Southwestern China,Military
11712115,Bai Youyi,Female,23,13820491699,Southwestern China,Military
11710209,Richard Edwards,Male,23,13815125118,Europe,Retail
11512914,Carl Roberts,Male,25,13959111644,Europe,Car
11410306,Zhao Rongchun,Male,26,15074922863,Northern China,Bank
12210519,Shui Zuirou,Female,18,18687389223,Northern China,Bank
11712128,He Wenyin,Male,23,18961133099,Northern China,Bank
11112312,Shui Zhuyu,Male,29,13866763281,Northern China,Oil refining
11112928,Bai Muhua,Male,29,13848283803,Southern China,Insurance
11610219,Li Yingtian,Female,24,15661798348,Southern China,Insurance
11111715,Chu Shengxiang,Male,29,13968713358,Southern China,Insurance
12211322,Qian Yuyang,Female,18,18917509086,Southern China,Insurance
11512213,Bai Ningzhen,Female,25,13817326705,Southern China,Insurance
12012629,He Hongbang,Male,20,18673404616,Southern China,Insurance
12110800,Wu Jiayu,Male,19,13981604436,Southern China,Insurance
11910709,Jiang Hanlan,Female,21,18637953695,Southern China,Insurance
12112825,Qian Huahong,Male,19,15036808740,Southern China,Insurance
11812108,Zhao Zhengsong,Male,22,13872170639,Southern China,Insurance
11512017,Zou Moyu,Male,25,13949333244,Southern China,Insurance
11612902,Yan Panhai,Female,24,13885393179,Southern China,Insurance
11611410,Chen Chundie,Female,24,18987365407,Southern China,Insurance
11512823,Wang Qiuyan,Female,25,15035025121,Southern China,Insurance
12211619,Qi Guqiu,Female,18,18600565512,Southern China,Bank
12111621,Yang Congde,Male,19,13990246914,Southern China,Bank
11311215,Yu Youcui,Female,27,18603731574,Southern China,Bank
11310719,Han Changfei,Male,27,13986084233,Southern China,Bank
11210418,Yang Penglong,Male,28,18690429590,Southern China,Bank
11910910,Hua Boran,Male,21,15678864028,Southern China,Bank
12111401,Shen Yuming,Male,19,15087423983,Northern China,Oil refining
11710328,Wu Nuobo,Male,23,18689937217,Northern China,Oil refining
11111727,Wang Qimei,Female,29,13860021464,Northern China,Bank
11911609,Chen Gurui,Female,21,18674936591,Northern China,Bank
11410520,Shi Yishan,Male,26,15049514536,Northern China,Bank
11210503,Dou Lingzhi,Female,28,18913957932,Northern China,Bank
12011310,Malachi Hughes,Male,20,15692037530,Asia,Oil refining
11612520,Montgomery Hughes,Male,24,13960406694,Asia,Electrical and electronic
12010010,Jess White,Female,20,18628521261,Asia,Insurance
12110925,Flora Taylor,Female,19,15017307252,Asia,Electrical and electronic
11610812,Hortensia Johnson,Female,24,13892780356,Asia,Insurance
11611609,Di Hall,Female,24,13863451067,Asia,Insurance
12211404,Kong Ningbai,Female,18,15036461258,Southern China,Internet
12010114,Qian Jichen,Male,20,18678743295,Southern China,Internet
12212423,Wu Ruoyan,Female,18,18676352982,Southern China,Internet
11810411,Dou Yishuang,Female,22,18697569508,Southern China,Internet
11911319,Wu Yuke,Male,21,15697716653,Southern China,Internet
11811618,Li Jingwen,Male,22,15051112476,Southern China,Internet
12011126,Stewart Jones,Male,20,18908287035,Asia,Bank
11612710,Shui Yihan,Female,24,13962668922,Eastern China,Internet
12012809,Chu Wenming,Male,20,18630883140,Eastern China,Internet
12011206,Cao Hanming,Male,20,18618114148,Northern China,Petrochemical
11411014,Yan Conglei,Female,26,18647979883,Northern China,Petrochemical
11212228,June Hall,Female,28,18971216787,Asia,Diversify
12111303,Kong Shanwei,Female,19,18937157948,Southern China,Internet
11112406,Qian Junqin,Male,29,15621313057,Southern China,Internet
11112214,Lv Jiamin,Male,29,18605231640,Southern China,Internet
12110502,Zhou Lewen,Male,19,13987398085,Southern China,Internet
11810712,Yan Shilan,Female,22,15092302621,Southern China,Internet
11311904,Wang Jiayu,Male,27,15005896783,Southern China,Internet
11810727,Han Yuzhou,Male,22,18996293617,Southern China,Internet
11212025,Lv Xinyue,Male,28,13928101294,Southern China,Internet
11110325,Xu Shiyun,Female,29,13990824090,Southern China,Internet
11511007,You Jingyun,Male,25,13979841817,Northern China,Electricity
12111027,Cao Feilei,Female,19,13923207645,Northern China,Electricity
11312113,Lv Jianrong,Male,27,18941514162,Southern China,Insurance
11311326,Yang Feining,Female,27,13829954971,Southern China,Insurance
11310908,Yan Rongchun,Male,27,13844681925,Southern China,Insurance
11810204,Wei Xiaoshan,Female,22,15069443206,Northern China,Bank
11112611,Xu Yuanhong,Male,29,13839324198,Northern China,Computer
11911416,Cao Yueqi,Male,21,15057947264,Northern China,Bank
11511019,Han  qizhen,Female,25,15084888189,Northern China,Computer
12212520,Zhu Yunzhi,Male,18,15071044773,Northern China,Military
11611812,Wang Feifeng,Female,24,13934358401,Northern China,Military
11310722,Qian Bochang,Male,27,18912693787,Southern China,Internet
11810110,Shen Tianfan,Female,22,15088879110,Southern China,Internet
11810719,Kong Xiangzhe,Male,22,18608114189,Southern China,Internet
11711207,Xu  menghan,Female,23,18931198598,Southern China,Internet
11411022,Jing Jishan,Female,26,18649055055,Southern China,Bank
11312522,Qian Yaxia,Female,27,15007334154,Southern China,Bank
11811908,Tao Bochang,Male,22,15059214621,Southern China,Bank
11710812,Sun Yankun,Male,23,18922417437,Eastern China,Game
11810907,Zheng Zibin,Male,22,13818250928,Eastern China,Game
11111203,Zhu Yiye,Male,29,18989797324,Eastern China,Game
11310827,You Taian,Male,27,18936275779,Eastern China,Internet
11111801,Shui Mengbai,Female,29,18966070898,Eastern China,Internet
11411127,Cao Ruyu,Male,26,18945455832,Eastern China,Internet
11410413,Leila Smith,Female,26,13844258588,Asia,Diversify
12210019,Yang Zhengkai,Male,18,18974863624,Northern China,Bank
11912109,Yang Jingwen,Male,21,18946575272,Northern China,Petrochemical
11711516,Chu Qiuman,Female,23,15071536983,Eastern China,Game
11110502,Jiang Yibo,Female,29,15053833226,Southern China,Internet
11811626,Han Chenjia,Male,22,18937643936,Southern China,Internet
12011525,Zou Youling,Female,20,18988482692,Southern China,Internet
11711129,Yan Linghai,Female,23,18667175067,Southern China,Internet
11410806,Wu Fanrui,Male,26,13952606129,Southern China,Internet
12012028,Dora Thompson,Female,20,15693789626,Asia,Electrical and electronic
11711304,Bai Jingping,Female,23,18603683635,Northern China,Internet
11111906,Xu Dongqing,Female,29,18906327698,Southern China,Computer
11210921,Hua Yizhen,Female,28,18687747201,Southern China,Computer
11112718,Joanne White,Female,29,15696020889,Asia,Insurance
11210513,Shen Mingliang,Male,28,18685251708,Eastern China,Internet
12212112,Liu Mengbai,Female,18,18644263375,Eastern China,Internet
11410208,He Pengxiao,Male,26,13992952835,Eastern China,Internet
11611029,Jiang Jingwen,Male,24,15647649410,Southern China,Computer
12212302,Xu Hanxuan,Female,18,18937114201,Southern China,Computer
11710903,Bai Yingtian,Female,23,13885753171,Southern China,Computer
11411716,Zhang Mimei,Female,26,13839866372,Southern China,Computer
12210904,Shen Yuzhou,Male,18,15633087233,Southern China,Computer
12111620,Wei Zhuodong,Male,19,18678923634,Southern China,Computer
12011005,Zou Muman,Female,20,15082906238,Southern China,Computer
11411217,Tao Xixia,Female,26,18913371070,Southern China,Computer
11410326,Liu Jinquan,Male,26,18687089220,Southern China,Computer
11510005,Yan Ningyang,Female,25,15649764801,Southern China,Computer
11412110,Xu Qintao,Male,26,13907947978,Southern China,Computer
12112114,Jing Qize,Male,19,18911514543,Southern China,Computer
12112222,Kong Qiaobai,Female,19,18962148638,Southern China,Computer
11510629,Jiang Lengrou,Female,25,15078677864,Southern China,Computer
11310514,Wei Ruichen,Male,27,13959351161,Southern China,Computer
11711321,Jiang Yixuan,Male,23,15612455594,Southwestern China,Military
11410708,Shui Rusi,Female,26,13979147586,Eastern China,Internet
12110728,Qi Yishan,Male,19,18606430869,Southern China,Internet
12112115,Shen Jinquan,Male,19,15086986800,Southern China,Internet
11611408,Tao Yishan,Female,24,15651274265,Southern China,Internet
11410313,Jing Binzhu,Male,26,13934274717,Southern China,Internet
12112827,Dou Youtong,Male,19,13901526703,Southern China,Internet
11210611,He Yukun,Male,28,18967603677,Southern China,Internet
11110313,Tommy Davies,Male,29,13965685007,Asia,Electrical and electronic
11410027,Kong Maoan,Male,26,13864597380,Southern China,Internet
11812319,Zheng Manlv,Female,22,15006794564,Eastern China,Internet
11511914,Shi Binggan,Male,25,18976035237,Eastern China,Internet
11812905,You Xiangxing,Male,22,13924787705,Eastern China,Internet
11812226,Qing Muhao,Male,22,18979820269,Eastern China,Internet
11812011,Qian Qianyi,Female,22,13842183816,Eastern China,Internet
11412919,Yan Yusong,Female,26,13915520945,Eastern China,Internet
11510606,Qian Yuanxiang,Male,25,18688985462,Eastern China,Internet
11211012,Wu Ruyu,Male,28,15033727825,Eastern China,Internet
11610012,Chen Xiangman,Female,24,18950665504,Eastern China,Game
11411506,Zhou Yihao,Male,26,18699556584,Eastern China,Game
12210114,Wang Chumei,Female,18,18605924146,Eastern China,Game
11612606,Shen Lisheng,Male,24,13861013178,Eastern China,Game
11512521,Yu Yixian,Male,25,18928820996,Northern China,Military
11410007,Xu Nuobo,Male,26,18691284519,Southern China,Insurance
11512220,Yan Yingzhi,Female,25,18692168525,Northern China,Petrochemical
11610603,Wei Yangyang,Male,24,15661025568,Southern China,Computer
11812213,Yu Qizheng,Male,22,13884540617,Southwestern China,Military
11910404,Sun Yinger,Female,21,13906794354,Southwestern China,Military
11110209,Jiang Weian,Male,29,13898155043,Southwestern China,Military
12112420,He Ruoyun,Female,19,15621794465,Eastern China,Internet
11110923,Xu Ruichen,Male,29,13821706846,Eastern China,Internet
12111125,Zhou Huiran,Male,19,18604808591,Eastern China,Internet
11311914,Lv Yunzhi,Male,27,15086743807,Eastern China,Internet
12012001,Zhao Yuxuan,Male,20,18908905381,Eastern China,Internet
12012712,Zhu Hanxuan,Female,20,18639347903,Eastern China,Internet
12111022,Zou Linshan,Male,19,13809404711,Eastern China,Internet
11311115,Chu Linchuan,Male,27,15080256415,Eastern China,Internet
11210928,Jing Nianlan,Female,28,18664669055,Eastern China,Internet
12210320,Qian Yupeng,Male,18,18977785520,Eastern China,Internet
11710900,Hua Cailing,Female,23,13836235059,Eastern China,Internet
11912220,Han Anxuan,Female,21,18686914320,Eastern China,Internet
12111519,Zou Youyi,Female,19,18603455227,Eastern China,Internet
11411706,Feng Runbin,Male,26,18651835501,Eastern China,Internet
11710729,Bai Chutai,Male,23,15690813331,Eastern China,Internet
11310924,Yan Zicheng,Male,27,13965241362,Eastern China,Internet
11411211,Zou Xintao,Male,26,15052391875,Southern China,Insurance
11112716,Yang  zixue,Female,29,15664059213,Southern China,Computer
11912112,Kong Nianyang,Female,21,13999858015,Northern China,Petrochemical
11312223,Hua Zhuodong,Male,27,18634713970,Northern China,Electrical and electronic
11811901,He Qizhen,Female,22,13961013521,Southern China,Bank
11110226,Jing Shiyi,Male,29,15073848489,Southern China,Bank
12210821,Wei Bingzhi,Male,18,13808031042,Southern China,Bank
11210316,He Huaibai,Female,28,18615409124,Southern China,Bank
11411326,Han Peixiang,Female,26,15054504848,Southern China,Bank
12210926,Chen Yuanjun,Male,18,18686339281,Southern China,Bank
12011706,Qian Yukun,Male,20,13820591356,Southwestern China,Military
11411124,Zhou Qimei,Female,26,18932304528,Southwestern China,Military
11111024,He Leshuang,Female,29,13950610498,Southern China,Internet
11810014,He Hanan,Female,22,15661971857,Southern China,Internet
11912616,Sun Haoyan,Male,21,18610065255,Southern China,Internet
12111607,Qing Yousong,Female,19,18919266551,Southern China,Internet
11211915,Sun Shizhen,Female,28,13871926181,Eastern China,Game
11510812,Zheng Rongchun,Male,25,13844791357,Eastern China,Game
11210219,Tao Zhiyong,Male,28,13955068968,Southern China,Bank
11811718,Jiang Yingzhi,Female,22,13872012534,Southern China,Bank
11211904,Yu Shuzhen,Female,28,15002712259,Southern China,Bank
11910127,Zhang Runyi,Male,21,18601703786,Eastern China,Internet
12210916,Qian Yuyang,Female,18,18693379558,Southern China,Internet
12112013,Shen Zhengsong,Male,19,18910613781,Southern China,Internet
12112802,Shen Shitong,Female,19,13826123601,Eastern China,Game
11412615,Zhang Yousong,Female,26,18677768520,Eastern China,Game
11111829,Dou Yunshuo,Male,29,15005616385,Eastern China,Game
12012726,Jiang Tingping,Female,20,15640956081,Northern China,Electrical and electronic
11110410,Yu Ruichen,Male,29,15653633429,Eastern China,Internet
11511728,Sun Ruyu,Male,25,18630096502,Eastern China,Internet
12210029,Zhang Benqing,Male,18,13960918549,Eastern China,Internet
12111202,Tao Ercui,Female,19,13855084716,Southern China,Insurance
11411320,Han Hengran,Male,26,15017659962,Southwestern China,Military
11511902,Lv Shizhen,Female,25,15070802434,Southwestern China,Military
11112503,Hua Siyu,Male,29,13844751765,Southwestern China,Military
11512800,Chen Yueqi,Male,25,15696096714,Southwestern China,Military
11711716,Kong Pinglv,Female,23,15067667014,Southwestern China,Military
11811816,Wei Yingtian,Female,22,18950729224,Southwestern China,Military
11910725,Sun Tianlan,Female,21,18981600745,Eastern China,Internet
11911411,Qing Canning,Male,21,13898229676,Eastern China,Internet
12011115,Xu Bingzhi,Male,20,15666294015,Eastern China,Internet
11311510,Zhu Rufeng,Female,27,15010716872,Southwestern China,Military
11912900,Qian Yiyu,Female,21,15064462930,Southwestern China,Military
11312823,Zhou Yaokun,Male,27,15694798702,Southwestern China,Military
12211621,Jing Muhua,Male,18,15023695830,Southwestern China,Military
11712400,Qi Gulian,Female,23,13855733112,Southwestern China,Military
11711218,You Boran,Male,23,13963049796,Southwestern China,Military
11611225,Li Lewen,Male,24,13800724495,Southwestern China,Military
11611117,Zou Zhidie,Female,24,15008520109,Southwestern China,Military
11710621,Qian Qianqiu,Female,23,13826275879,Southwestern China,Military
11911206,Zhou Huanqing,Female,21,15060104803,Southwestern China,Military
11210628,Shi Runyi,Male,28,13911676010,Southwestern China,Military
12210722,Qi Yinxiang,Male,18,15076744537,Southwestern China,Military
11211615,He Banxiang,Female,28,18924078589,Eastern China,Internet
11610802,Xu Zhuyu,Male,24,18903294883,Eastern China,Internet
11612023,Yang Hanzhe,Male,24,18982417146,Eastern China,Internet
11311818,Yang Manyun,Female,27,18946478788,Eastern China,Internet
11111703,Xu Honglin,Male,29,13902792173,Eastern China,Internet
11210524,Jiang Rusi,Female,28,18668906200,Eastern China,Internet
12111922,Shui Nuobo,Male,19,13913540869,Eastern China,Internet
11210307,Wang Mucheng,Male,28,15068585157,Eastern China,Internet
11912729,Zhou Canqi,Male,21,15012145938,Eastern China,Internet
11210724,Tao Chengjun,Male,28,15034757254,Eastern China,Internet
12212519,Zheng Jingyun,Male,18,13913682824,Eastern China,Internet
12011017,Kong Yishan,Male,20,13846951812,Eastern China,Internet
11711517,Chen Hanfeng,Female,23,13852281965,Eastern China,Internet
11810008,Qing Jingping,Female,22,13829205071,Southwestern China,Military
11210706,Qi Jiabin,Male,28,13883890984,Southwestern China,Military
11411213,Zou Huasheng,Male,26,13890220609,Southern China,Bank
11710100,Zhang  biqin,Female,23,13913466199,Eastern China,Game
11310711,Qing Chumei,Female,27,13830026419,Eastern China,Game
12110710,Sun Jiaxuan,Male,19,18965536051,Eastern China,Game
11410600,Shen Yangchen,Male,26,13830653355,Eastern China,Game
12212516,Qing Pingning,Female,18,15036759293,Eastern China,Game
11410915,Xu Dongsi,Female,26,15618203439,Eastern China,Game
11910808,Zou Banqin,Female,21,13901142432,Southern China,Insurance
11510516,Qian Shunhang,Male,25,13904943158,Southern China,Insurance
11812101,Liu Wenjing,Male,22,18659494427,Southern China,Insurance
11610809,Yan Yuanxiang,Male,24,15057827326,Eastern China,Game
11410907,Cao Zicheng,Male,26,13973963674,Eastern China,Game
11710213,Wei Youman,Female,23,15690572094,Southern China,Computer
11110407,Yu Chutai,Male,29,13928637245,Eastern China,Game
11211902,Xie Jiafu,Male,28,18680749663,Eastern China,Game
11111424,Tao Shuxuan,Female,29,15085116120,Southern China,Computer
11711115,Yu Huasheng,Male,23,15621142637,Eastern China,Internet
11310220,Zhu Yuanchun,Female,27,13927562806,Eastern China,Internet
11410122,Chu Runyi,Male,26,18665857267,Eastern China,Internet
11412417,Sun Wenyan,Female,26,18663855859,Eastern China,Game
11210312,Zhu Honglin,Male,28,13825820064,Eastern China,Internet
11811124,Shi Hongbang,Male,22,18947053480,Eastern China,Internet
12010920,Kong Xiaocui,Female,20,15021189476,Eastern China,Internet
11812908,Jing Ziyan,Male,22,15688018946,Southern China,Bank
11311223,Wang Lisheng,Male,27,13947865508,Eastern China,Internet
11111609,Bai Ermei,Female,29,18673422309,Southern China,Internet
11610829,Kong Yuandong,Female,24,13957711628,Southern China,Insurance
12111228,Shi Tingping,Female,19,15061819814,Southwestern China,Military
11512607,Zhou Zhuodong,Male,25,13961123893,Southwestern China,Military
11412600,Xie Ercui,Female,26,18981092712,Southwestern China,Military
11510129,Kong Xumeng,Male,25,13943189492,Southwestern China,Military
11311306,Han Haizhen,Female,27,13821047811,Southwestern China,Military
11212203,You Qiaoqing,Female,28,13956614701,Southwestern China,Military
12111524,Jiang Jiaji,Male,19,18632801398,Eastern China,Internet
11711509,Zhang Binzhu,Male,23,13993214232,Eastern China,Internet
11610903,Zhang Miaorui,Male,24,18672794124,Eastern China,Internet
11112317,Chen Ziquan,Male,29,18900813304,Eastern China,Internet
11111206,Yang Baitao,Female,29,15660272878,Eastern China,Internet
11512419,Kong Aonan,Female,25,13891465941,Eastern China,Internet
11912012,Bai Hanzhe,Male,21,18938086436,Eastern China,Internet
11911722,Shi Guzhu,Female,21,18968522668,Eastern China,Internet
11612314,You Ruoke,Male,24,13940007283,Southwestern China,Military
12012601,Shui Huaiyun,Female,20,13916281841,Southwestern China,Military
11512702,Xie Wenyan,Female,25,18968451760,Southwestern China,Military
12211729,Shen Haifeng,Female,18,15620510105,Southwestern China,Military
11911407,Yang Guqiu,Female,21,18618885717,Southwestern China,Military
12112206,Qian Linghan,Female,19,13829631725,Southwestern China,Military
11511421,Qing Benqing,Male,25,13935686416,Eastern China,Internet
11111624,Li Benqing,Male,29,13889199951,Eastern China,Internet
11311313,Wei Shiyi,Male,27,13886365952,Eastern China,Internet
11410411,Qian Jishan,Female,26,13956678456,Southwestern China,Military
12212528,Chu Guqiu,Female,18,18974814682,Southwestern China,Military
12011011,He Yihao,Male,20,15652825716,Southwestern China,Military
11612829,Xu Yishan,Male,24,15045884000,Eastern China,Game
12010216,Xu Jiashu,Male,20,15683516519,Eastern China,Game
12010024,He Hanxiang,Male,20,18652217119,Eastern China,Internet
12112920,Qian Banxiang,Female,19,18620119860,Eastern China,Internet
11610322,Xie Tingqin,Female,24,13851038298,Southwestern China,Military
11411810,Zhang Zhixiang,Male,26,18648771704,Southern China,Internet
12212622,Qing  zixue,Female,18,15657449973,Eastern China,Internet
11310607,Chen Haoyan,Male,27,13870705830,Eastern China,Internet
12111814,Chen Jiashuai,Male,19,15003660263,Eastern China,Game
11911913,Chen Chenjia,Male,21,15098824410,Eastern China,Game
12012023,Jing Yishan,Female,20,15604491880,Eastern China,Internet
11110306,You Qicheng,Male,29,15640275929,Eastern China,Internet
11210013,Hua Zhaoyu,Male,28,15699277820,Eastern China,Internet
12211926,Zhou Miyan,Female,18,15014782909,Southwestern China,Military
12210804,Yu Haonan,Male,18,18620772002,Southwestern China,Military
11712725,Xie Pingning,Female,23,15014021450,Southwestern China,Military
11410308,Chen Jiabin,Male,26,15052390956,Southwestern China,Military
11412126,Zhao Yankun,Male,26,15006083021,Southwestern China,Military
11210923,Dou Wanzhi,Female,28,15098913299,Southwestern China,Military
11411011,He Yuke,Male,26,13862391062,Southwestern China,Military
11911822,You Shaohu,Male,21,18985524552,Southwestern China,Military
12011102,Liu Miaorui,Male,20,13875091436,Southwestern China,Military
12012128,Zhao Yihao,Male,20,15052905135,Eastern China,Internet
11910305,Shen Mengbai,Female,21,13973701454,Southwestern China,Military
12110813,He Xinyue,Male,19,13928811240,Southwestern China,Military
12111726,Chu Jingwen,Male,19,15646720643,Southwestern China,Military
11412215,Jiang Fanrui,Male,26,13930330234,Southwestern China,Military
11410104,Zou Muxue,Female,26,18658582425,Southwestern China,Military
12211323,Qian Jiaxuan,Male,18,13857780312,Southwestern China,Military
11910007,Shi Zhuodong,Male,21,15648162947,Eastern China,Internet
11712901,Zheng Lvping,Female,23,15668995243,Southwestern China,Military
11612201,Zhu Tinghan,Female,24,18936952957,Southwestern China,Military
11211004,Zhu Weian,Male,28,15694244602,Southwestern China,Military
11212015,He Ruixun,Male,28,13864072467,Southwestern China,Military
11712513,Tao Manrui,Male,23,13825405039,Southwestern China,Military
11210225,Bai Rusi,Female,28,15080012926,Southwestern China,Military
11112303,Shi Wenming,Male,29,15079523863,Southwestern China,Military
12210416,Tao Yibo,Female,18,13866742389,Southwestern China,Military
11510914,Wu Xiangchen,Male,25,18662243923,Southwestern China,Military
12012818,Zhou Yanbai,Female,20,13835332483,Southwestern China,Military
12212709,Chen Nianer,Female,18,15697366927,Southwestern China,Military
12210614,Yan Shumeng,Female,18,15660589740,Southwestern China,Military
11610619,Shui Ruoyan,Female,24,18637811038,Southwestern China,Military
